﻿Designator,Footprint,Quantity,Value,LCSC Part #
"D1, D10, D11, D12, D13, D14, D15, D16, D17, D18, D19, D2, D20, D21, D22, D23, D24, D25, D26, D27, D28, D3, D4, D5, D6, D7, D8, D9",Diode_DO-35,28,Diode,
"S1, S10, S11, S12, S13, S14, S15, S16, S17, S18, S19, S2, S20, S21, S22, S23, S24, S25, S26, S27, S3, S4, S5, S6, S7, S8, S9",Hotswap_Choc_V1,27,Keyswitch,
SW1,Encoder_EC11_MX,1,RotaryEncoder_Switch,
SW2,SW_Slide-03_Wuerth-WS-SLTV_10x2.5x6.4_P2.54mm,1,SW_Slide_DPDT,
U1,Nice_Nano_V2,1,Nice_Nano_V2,
